Authors,Year,Title,Journal,PMID,PMCID
"Hanson RL, Rose C",1980,Effects of an insertion mutation in a locus affecting pyridine nucleotide transhydrogenase (pnt::Tn5) on the growth of Escherichia coli.,J Bacteriol 141(1);401-4,6986364,PMC293612
"Egorov MV, Tigerstrom A, Pestov NB, Korneenko TV, Kostina MB, Shakhparonov MI, Rydstrom J",2004,Purification of a recombinant membrane protein tagged with a calmodulin-binding domain: properties of chimeras of the Escherichia coli nicotinamide nucleotide transhydrogenase and the C-terminus of human plasma membrane Ca2+ -ATPase.,Protein Expr Purif 36(1);31-9,15177281,
"Pedersen A, Karlsson J, Althage M, Rydstrom J",2003,Properties of the apo-form of the NADP(H)-binding domain III of proton-pumping Escherichia coli transhydrogenase: implications for the reaction mechanism of the intact enzyme.,Biochim Biophys Acta 1604(2);55-9,12765762,
"Bragg PD, Hou C",1999,"Effect of NBD chloride (4-chloro-7-nitrobenzo-2-oxa-1,3-diazole) on the pyridine nucleotide transhydrogenase of Escherichia coli.",Biochim Biophys Acta 1413(3);159-71,10556628,
"Tong RC, Glavas NA, Bragg PD",1991,Topological analysis of the pyridine nucleotide transhydrogenase of Escherichia coli using proteolytic enzymes.,Biochim Biophys Acta 1080(1);19-28,1932078,
"Glavas NA, Hou C, Bragg PD",1995,Involvement of histidine-91 of the beta subunit in proton translocation by the pyridine nucleotide transhydrogenase of Escherichia coli.,Biochemistry 34(23);7694-702,7779816,
"Zhang N, Chen R, Young N, Wishart D, Winter P, Weiner JH, Li L",2007,Comparison of SDS- and methanol-assisted protein solubilization and digestion methods for Escherichia coli membrane proteome analysis by 2-D LC-MS/MS.,Proteomics 7(4);484-93,17309111,
"Federowicz S, Kim D, Ebrahim A, Lerman J, Nagarajan H, Cho BK, Zengler K, Palsson B",2014,Determining the control circuitry of redox metabolism at the genome-scale.,PLoS Genet 10(4);e1004264,24699140,PMC3974632
"Glavas N, Ahmad S, Bragg PD, Olausson T, Rydstrom J",1993,"Identification of N,N'-dicyclohexylcarbodiimide-reactive glutamic and aspartic acid residues in Escherichia coli transhydrogenase and the exchange of these by site-specific mutagenesis.",J Biol Chem 268(19);14125-30,8100227,
"Cunningham IJ, Williams R, Palmer T, Thomas CM, Jackson JB",1992,The relation between the soluble factor associated with H(+)-transhydrogenase of Rhodospirillum rubrum and the enzyme from mitochondria and Escherichia coli.,Biochim Biophys Acta 1100(3);332-8,1610876,
"Hu X, Zhang J, Rydstrom J",1998,Interactions of reduced and oxidized nicotinamide mononucleotide with wild-type and alphaD195E mutant proton-pumping nicotinamide nucleotide transhydrogenases from Escherichia coli.,Biochim Biophys Acta 1367(1-3);134-8,9784624,
"Gupta S, Quirk PG, Venning JD, Slade J, Bizouarn T, Grimley RL, Cotton NP, Jackson JB",1998,Mutation of amino acid residues in the mobile loop region of the NAD(H)-binding domain of proton-translocating transhydrogenase.,Biochim Biophys Acta 1409(1);25-38,9804876,
"Johansson C, Bergkvist A, Fjellstrom O, Rydstrom J, Karlsson BG",1999,Sequential assignment and secondary structure analysis of the NADP(H)-binding domain of Escherichia coli transhydrogenase.,J Biomol NMR 14(3);295-6,10481284,
"Althage M, Bizouarn T, Rydstrom J",2001,Identification of a region involved in the communication between the NADP(H) binding domain and the membrane domain in proton pumping E. coli transhydrogenase.,Biochemistry 40(33);9968-76,11502193,
"Sauer U, Canonaco F, Heri S, Perrenoud A, Fischer E",2004,The soluble and membrane-bound transhydrogenases UdhA and PntAB have divergent functions in NADPH metabolism of Escherichia coli.,J Biol Chem 279(8);6613-9,14660605,
"Yamaguchi M, Hatefi Y",1995,Proton-translocating nicotinamide nucleotide transhydrogenase. Reconstitution of the extramembranous nucleotide-binding domains.,J Biol Chem 270(47);28165-8,7499307,
"Canonaco F, Hess TA, Heri S, Wang T, Szyperski T, Sauer U",2001,Metabolic flux response to phosphoglucose isomerase knock-out in Escherichia coli and impact of overexpression of the soluble transhydrogenase UdhA.,FEMS Microbiol Lett 204(2);247-52,11731130,
You KS,1985,Stereospecificity for nicotinamide nucleotides in enzymatic and chemical hydride transfer reactions.,CRC Crit Rev Biochem 17(4);313-451,3157549,
"Baba T, Ara T, Hasegawa M, Takai Y, Okumura Y, Baba M, Datsenko KA, Tomita M, Wanner BL, Mori H",2006,"Construction of Escherichia coli K-12 in-frame, single-gene knockout mutants: the Keio collection.",Mol Syst Biol 2;2006.0008,16738554,PMC1681482
"Yamaguchi M, Stout CD",2003,Essential glycine in the proton channel of Escherichia coli transhydrogenase.,J Biol Chem 278(46);45333-9,12952962,
"Dong H, Zhang J, Zhang H, Han Y, Lu C, Chen C, Tan X, Wang S, Bai X, Zhai G, Tian S, Zhang T, Cheng Z, Li E, Xu L, Zhang K",2022,YiaC and CobB regulate lysine lactylation in Escherichia coli.,Nat Commun 13(1);6628,36333310,PMC9636275
"Fjellstrom O, Johansson C, Rydstrom J",1997,Structural and catalytic properties of the expressed and purified NAD(H)- and NADP(H)-binding domains of proton-pumping transhydrogenase from Escherichia coli.,Biochemistry 36(38);11331-41,9298952,
"Zhang Q, Padayatti PS, Leung JH",2017,Proton-Translocating Nicotinamide Nucleotide Transhydrogenase: A Structural Perspective.,Front Physiol 8;1089,29312000,PMC5742237
"Daley DO, Rapp M, Granseth E, Melen K, Drew D, von Heijne G",2005,Global topology analysis of the Escherichia coli inner membrane proteome.,Science 308(5726);1321-3,15919996,
"Hatefi Y, Yamaguchi M",1996,Nicotinamide nucleotide transhydrogenase: a model for utilization of substrate binding energy for proton translocation.,FASEB J 10(4);444-52,8647343,
"Finn RD, Coggill P, Eberhardt RY, Eddy SR, Mistry J, Mitchell AL, Potter SC, Punta M, Qureshi M, Sangrador-Vegas A, Salazar GA, Tate J, Bateman A",2016,The Pfam protein families database: towards a more sustainable future.,Nucleic Acids Res 44(D1);D279-85,26673716,PMC4702930
"Bragg PD, Hou C",2001,"Characterization of mutants of beta histidine91, beta aspartate213, and beta asparagine222, possible components of the energy transduction pathway of the proton-translocating pyridine nucleotide transhydrogenase of Escherichia coli.",Arch Biochem Biophys 388(2);299-307,11368169,
"Pedersen A, Johansson T, Rydstrom J, Goran Karlsson B",,Titration of E. coli transhydrogenase domain III with bound NADP+ or NADPH studied by NMR reveals no pH-dependent conformational change in the physiological pH range.,Biochim Biophys Acta 1707(2-3);254-8,15863102,
"Joyce AR, Reed JL, White A, Edwards R, Osterman A, Baba T, Mori H, Lesely SA, Palsson BO, Agarwalla S",2006,Experimental and computational assessment of conditionally essential genes in Escherichia coli.,J Bacteriol 188(23);8259-71,17012394,PMC1698209
"Hanson RL, Rose C",1979,Genetic mapping of a mutation affecting pyridine nucleotide transhydrogenase in Escherichia coli.,J Bacteriol 138(3);783-7,378938,PMC218105
"Meuller J, Rydstrom J",1999,The membrane topology of proton-pumping Escherichia coli transhydrogenase determined by cysteine labeling.,J Biol Chem 274(27);19072-80,10383409,
"Ahmad S, Glavas NA, Bragg PD",1992,A mutation at Gly314 of the beta subunit of the Escherichia coli pyridine nucleotide transhydrogenase abolishes activity and affects the NADP(H)-induced conformational change.,Eur J Biochem 207(2);733-9,1633824,
Hanson RL,1979,The kinetic mechanism of pyridine nucleotide transhydrogenase from Escherichia coli.,J Biol Chem 254(3);888-93,368063,
"Bizouarn T, Althage M, Pedersen A, Tigerstrom A, Karlsson J, Johansson C, Rydstrom J",2002,The organization of the membrane domain and its interaction with the NADP(H)-binding site in proton-translocating transhydrogenase from E. coli.,Biochim Biophys Acta 1555(1-3);122-7,12206903,
"Goodall ECA, Robinson A, Johnston IG, Jabbari S, Turner KA, Cunningham AF, Lund PA, Cole JA, Henderson IR",2018,The Essential Genome of  Escherichia coli K-12.,MBio 9(1),29463657,PMC5821084
"Sweetman AJ, Griffiths DE",1971,Studies on energy-linked reactions. Energy-linked transhydrogenase reaction in Escherichia coli.,Biochem J 121(1);125-30,4398957,PMC1176494
"Meuller J, Mjorn K, Karlsson J, Tigerstrom A, Rydstrom J, Hou C, Bragg PD",2001,Properties of a proton-translocating nicotinamide nucleotide transhydrogenase from Escherichia coli with alpha and beta subunits linked through fused transmembrane helices.,Biochim Biophys Acta 1506(3);163-71,11779549,
"Hoek JB, Rydstrom J, Hojeberg B",1974,Comparative studies on nicotinamide nucleotide transhydrogenase from different sources.,Biochim Biophys Acta 333(2);237-45,19400036,
"Kabus A, Georgi T, Wendisch VF, Bott M",2007,Expression of the Escherichia coli pntAB genes encoding a membrane-bound transhydrogenase in Corynebacterium glutamicum improves L-lysine formation.,Appl Microbiol Biotechnol 75(1);47-53,17216441,
"van Boxel GI, Quirk PG, Cotton NP, White SA, Jackson JB",2003,Glutamine 132 in the NAD(H)-binding component of proton-translocating transhydrogenase tethers the nucleotides before hydride transfer.,Biochemistry 42(5);1217-26,12564924,
"Veronesi G, Whitehead SJ, Francia F, Giachini L, Boscherini F, Venturoli G, Cotton NP, Jackson JB",2010,X-ray absorption studies of Zn(2+)-binding sites in Escherichia coli transhydrogenase and its betaH91K mutant.,Biochim Biophys Acta 1797(4);494-500,20080075,
"Bragg PD, Glavas NA, Hou C",1997,Mutation of conserved residues in the NADP(H)-binding domain of the proton translocating pyridine nucleotide transhydrogenase of Escherichia coli.,Arch Biochem Biophys 338(1);57-66,9015388,
"Weinert BT, Scholz C, Wagner SA, Iesmantavicius V, Su D, Daniel JA, Choudhary C",2013,Lysine succinylation is a frequently occurring modification in prokaryotes and eukaryotes and extensively overlaps with acetylation.,Cell Rep 4(4);842-51,23954790,
"Bizouarn T, Fjellstrom O, Meuller J, Axelsson M, Bergkvist A, Johansson C, Goran Karlsson B, Rydstrom J",2000,Proton translocating nicotinamide nucleotide transhydrogenase from E. coli. Mechanism of action deduced from its structural and catalytic properties.,Biochim Biophys Acta 1457(3);211-28,10773166,
"Anderlund M, Nissen TL, Nielsen J, Villadsen J, Rydstrom J, Hahn-Hagerdal B, Kielland-Brandt MC",1999,"Expression of the Escherichia coli pntA and pntB genes, encoding nicotinamide nucleotide transhydrogenase, in Saccharomyces cerevisiae and its effect on product formation during anaerobic glucose fermentation.",Appl Environ Microbiol 65(6);2333-40,10347010,PMC91345
"Liang A, Houghton RL",1980,Structural aspects of the membrane-bound Escherichia colipyridine nucleotide transhydrogenase (EC 1.6.1.1).,FEBS Lett 109(2);185-8,6986284,
"Althage M, Karlsson J, Gourdon P, Levin M, Bill RM, Tigerstrom A, Rydstrom J",2003,Functional split and crosslinking of the membrane domain of the beta subunit of proton-translocating transhydrogenase from Escherichia coli.,Biochemistry 42(37);10998-1003,12974635,
"Weinert BT, Iesmantavicius V, Wagner SA, Scholz C, Gummesson B, Beli P, Nystrom T, Choudhary C",2013,Acetyl-phosphate is a critical determinant of lysine acetylation in E. coli.,Mol Cell 51(2);265-72,23830618,
"Sweetman AJ, Griffiths DE",1971,Studies on energy-linked reactions. Energy-linked reduction of oxidized nicotinamide-adenine dinucleotide by succinate in Escherichia coli.,Biochem J 121(1);117-24,4107303,PMC1176493
"Olausson T, Hultman T, Holmberg E, Rydstrom J, Ahmad S, Glavas NA, Bragg PD",1993,Site-directed mutagenesis of tyrosine residues at nicotinamide nucleotide binding sites of Escherichia coli transhydrogenase.,Biochemistry 32(48);13237-44,8241179,
"Huerta AM, Collado-Vides J",2003,Sigma70 promoters in Escherichia coli: specific transcription in dense regions of overlapping promoter-like signals.,J Mol Biol 333(2);261-78,14529615,
"Karlsson J, Althage M, Rydstrom J",2003,Roles of individual amino acids in helix 14 of the membrane domain of proton-translocating transhydrogenase from Escherichia coli as deduced from cysteine mutagenesis.,Biochemistry 42(21);6575-81,12767241,
"Fjellstrom O, Olausson T, Hu X, Kallebring B, Ahmad S, Bragg PD, Rydstrom J",1995,Three-dimensional structure prediction of the NAD binding site of proton-pumping transhydrogenase from Escherichia coli.,Proteins 21(2);91-104,7777492,
"Cabulong RB, Valdehuesa KNG, Banares AB, Ramos KRM, Nisola GM, Lee WK, Chung WJ",2019,Improved cell growth and biosynthesis of glycolic acid by overexpression of membrane-bound pyridine nucleotide transhydrogenase.,J Ind Microbiol Biotechnol 46(2);159-169,30554290,
"Graf SS, Hong S, Muller P, Gennis R, von Ballmoos C",2021,Energy transfer between the nicotinamide nucleotide transhydrogenase and ATP synthase of Escherichia coli.,Sci Rep 11(1);21234,34707181,PMC8551311
"Homyk M, Bragg PD",1979,"Steady-state kinetics and the inactivation by 2,3-butanedione of the energy-independent transhydrogenase of Escherichia coli cell membranes.",Biochim Biophys Acta 571(2);201-17,389287,
Jackson JB,1991,The proton-translocating nicotinamide adenine dinucleotide transhydrogenase.,J Bioenerg Biomembr 23(5);715-41,1660871,
"Glavas NA, Hou C, Bragg PD",1995,Organization in the membrane of the N-terminal proton-translocating domain of the beta subunit of the pyridine nucleotide transhydrogenase of Escherichia coli.,Biochem Biophys Res Commun 214(1);230-8,7669043,
"Bragg PD, Hou C",1996,The role of conserved histidine residues in the pyridine nucleotide transhydrogenase of Escherichia coli.,Eur J Biochem 241(2);611-8,8917463,
"Jan J, Martinez I, Wang Y, Bennett GN, San KY",2013,Metabolic engineering and transhydrogenase effects on NADPH availability in Escherichia coli.,Biotechnol Prog 29(5);1124-30,23794523,
"Feist AM, Henry CS, Reed JL, Krummenacker M, Joyce AR, Karp PD, Broadbelt LJ, Hatzimanikatis V, Palsson BO",2007,A genome-scale metabolic reconstruction for Escherichia coli K-12 MG1655 that accounts for 1260 ORFs and thermodynamic information.,Mol Syst Biol 3;121,17593909,PMC1911197
"Bragg PD, Hou C",1998,Effect of truncation and mutation of the carboxyl-terminal region of the beta subunit on membrane assembly and activity of the pyridine nucleotide transhydrogenase of Escherichia coli.,Biochim Biophys Acta 1365(3);464-72,9711299,
"Bizouarn T, van Boxel GI, Bhakta T, Jackson JB",2005,Nucleotide binding affinities of the intact proton-translocating transhydrogenase from Escherichia coli.,Biochim Biophys Acta 1708(3);404-10,15935988,
"Yamaguchi M, Hatefi Y",1995,Proton-translocating nicotinamide nucleotide transhydrogenase of Escherichia coli. Involvement of aspartate 213 in the membrane-intercalating domain of the beta subunit in energy transduction.,J Biol Chem 270(28);16653-9,7622474,
"Clarke DM, Bragg PD",1985,Purification and properties of reconstitutively active nicotinamide nucleotide transhydrogenase of Escherichia coli.,Eur J Biochem 149(3);517-23,3891338,
"Haverkorn van Rijsewijk BR, Kochanowski K, Heinemann M, Sauer U",2016,Distinct transcriptional regulation of the two Escherichia coli transhydrogenases PntAB and UdhA.,Microbiology 162(9);1672-1679,27488847,
"Bizouarn T, Fjellstrom O, Axelsson M, Korneenko TV, Pestov NB, Ivanova MV, Egorov MV, Shakhparonov M, Rydstrom J",2000,Interactions between the soluble domain I of nicotinamide nucleotide transhydrogenase from Rhodospirillum rubrum and transhydrogenase from Escherichia coli. Effects on catalytic and H+-pumping activities.,Eur J Biochem 267(11);3281-8,10824114,
Jackson JB,2012,A review of the binding-change mechanism for proton-translocating transhydrogenase.,Biochim Biophys Acta 1817(10);1839-46,22538293,
"Gerdes SY, Scholle MD, Campbell JW, Balazsi G, Ravasz E, Daugherty MD, Somera AL, Kyrpides NC, Anderson I, Gelfand MS, Bhattacharya A, Kapatral V, D'Souza M, Baev MV, Grechkin Y, Mseeh F, Fonstein MY, Overbeek R, Barabasi AL, Oltvai ZN, Osterman AL",2003,Experimental determination and system level analysis of essential genes in Escherichia coli MG1655.,J Bacteriol 185(19);5673-84,13129938,PMC193955
"Hutton M, Day JM, Bizouarn T, Jackson JB",1994,Kinetic resolution of the reaction catalysed by proton-translocating transhydrogenase from Escherichia coli as revealed by experiments with analogues of the nucleotide substrates.,Eur J Biochem 219(3);1041-51,8112317,
"Sedgwick EG, Meuller J, Hou C, Rydstrom J, Bragg PD",1997,Cross-linking and N-(1-pyrenyl)maleimide labeling of cysteine mutants of proton-pumping pyridine nucleotide transhydrogenase of Escherichia coli.,Biochemistry 36(49);15285-93,9398257,
"Stilwell SN, Bizouarn T, Jackson JB",1997,"The reduction of acetylpyridine adenine dinucleotide by NADH: is it a significant reaction of proton-translocating transhydrogenase, or an artefact?.",Biochim Biophys Acta 1320(1);83-94,9186780,
"Hou C, Potier M, Bragg PD",1990,Crosslinking and radiation inactivation analysis of the subunit structure of the pyridine nucleotide transhydrogenase of Escherichia coli.,Biochim Biophys Acta 1018(1);61-6,2198073,
"Lopez-Campistrous A, Semchuk P, Burke L, Palmer-Stone T, Brokx SJ, Broderick G, Bottorff D, Bolch S, Weiner JH, Ellison MJ",2005,"Localization, annotation, and comparison of the Escherichia coli K-12 proteome under two states of growth.",Mol Cell Proteomics 4(8);1205-9,15911532,
"Ahmad S, Glavas NA, Bragg PD",1993,Assembly of multimeric proteins. Effect of mutations in the alpha-subunit on membrane assembly and activity of pyridine nucleotide transhydrogenase.,J Mol Biol 234(1);8-13,8230209,
Bragg PD,1996,Mechanism of hydride transfer during the reduction of 3-acetylpyridine adenine dinucleotide by NADH catalyzed by the pyridine nucleotide transhydrogenase of Escherichia coli.,FEBS Lett 397(1);93-6,8941721,
"Zhang J, Hu X, Osman AM, Rydstrom J",1997,Effects of metal ions on the substrate-specificity and activity of proton-pumping nicotinamide nucleotide transhydrogenase from Escherichia coli.,Biochim Biophys Acta 1319(2-3);331-9,9131054,
"Johansson C, Bergkvist A, Fjellstrom O, Rydstrom J, Karlsson BG",1999,NMR characterization of the NADP(H)-binding domain of Escherichia coli transhydrogenase: sequential assignment and global fold.,FEBS Lett 458(2);180-4,10481061,
"Clarke DM, Bragg PD",1985,Cloning and expression of the transhydrogenase gene of Escherichia coli.,J Bacteriol 162(1);367-73,3884596,PMC218998
"Zoller J, Hong S, Eisinger ML, Anderson M, Radloff M, Desch K, Gennis R, Langer JD",2022,Ligand binding and conformational dynamics of the  E. coli nicotinamide nucleotide transhydrogenase revealed by hydrogen/deuterium exchange mass spectrometry.,Comput Struct Biotechnol J 20;5430-5439,36212541,PMC9529548
"Rydstrom J, Hu X, Fjellstrom O, Meuller J, Zhang J, Johansson C, Bizouarn T",1998,"Domains, specific residues and conformational states involved in hydride ion transfer and proton pumping by nicotinamide nucleotide transhydrogenase from Escherichia coli.",Biochim Biophys Acta 1365(1-2);10-6,9693716,
"Bragg PD, Hou C",2000,Crosslinking between alpha and beta subunits defines the orientation and spatial relationship of some of the transmembrane helices of the proton-translocating pyridine nucleotide transhydrogenase of Escherichia coli.,Biochem Biophys Res Commun 273(3);955-9,10891354,
"Glavas NA, Bragg PD",1995,Evidence for the presence of two pyridine nucleotide-binding sites on the beta subunit of the Escherichia coli pyridine nucleotide transhydrogenase.,Biochem Mol Biol Int 35(2);297-306,7663384,
"Diggle C, Cotton NP, Grimley RL, Quirk PG, Thomas CM, Jackson JB",1995,Conformational dynamics of a mobile loop in the NAD(H)-binding subunit of proton-translocating transhydrogenases from Rhodospirillum rubrum and Escherichia coli.,Eur J Biochem 232(1);315-26,7556167,
"Holmberg E, Olausson T, Hultman T, Rydstrom J, Ahmad S, Glavas NA, Bragg PD",1994,Prediction and site-specific mutagenesis of residues in transmembrane alpha-helices of proton-pumping nicotinamide nucleotide transhydrogenases from Escherichia coli and bovine heart mitochondria.,Biochemistry 33(24);7691-700,8011636,
"Park JY, Lee SM, Ebrahim A, Scott-Nevros ZK, Kim J, Yang L, Sastry A, Seo SW, Palsson BO, Kim D",2023,Model-driven experimental design workflow expands understanding of regulatory role of Nac in  Escherichia coli.,NAR Genom Bioinform 5(1);lqad006,36685725,PMC9853098
"Bergkvist A, Johansson C, Johansson T, Rydstrom J, Karlsson BG",2000,Interactions of the NADP(H)-binding domain III of proton-translocating transhydrogenase from escherichia coli with NADP(H) and the NAD(H)-binding domain I studied by NMR and site-directed mutagenesis.,Biochemistry 39(41);12595-605,11027139,
"Johansson T, Oswald C, Pedersen A, Tornroth S, Okvist M, Karlsson BG, Rydstrom J, Krengel U",2005,X-ray structure of domain I of the proton-pumping membrane protein transhydrogenase from Escherichia coli.,J Mol Biol 352(2);299-312,16083909,
"Johansson C, Pedersen A, Karlsson BG, Rydstrom J",2002,Redox-sensitive loops D and E regulate NADP(H) binding in domain III and domain I-domain III interactions in proton-translocating Escherichia coli transhydrogenase.,Eur J Biochem 269(18);4505-15,12230562,
"Aquino P, Honda B, Jaini S, Lyubetskaya A, Hosur K, Chiu JG, Ekladious I, Hu D, Jin L, Sayeg MK, Stettner AI, Wang J, Wong BG, Wong WS, Alexander SL, Ba C, Bensussen SI, Bernstein DB, Braff D, Cha S, Cheng DI, Cho JH, Chou K, Chuang J, Gastler DE, Grasso DJ, Greifenberger JS, Guo C, Hawes AK, Israni DV, Jain SR, Kim J, Lei J, Li H, Li D, Li Q, Mancuso CP, Mao N, Masud SF, Meisel CL, Mi J, Nykyforchyn CS, Park M, Peterson HM, Ramirez AK, Reynolds DS, Rim NG, Saffie JC, Su H, Su WR, Su Y, Sun M, Thommes MM, Tu T, Varongchayakul N, Wagner TE, Weinberg BH, Yang R, Yaroslavsky A, Yoon C, Zhao Y, Zollinger AJ, Stringer AM, Foster JW, Wade J, Raman S, Broude N, Wong WW, Galagan JE",2017,Coordinated regulation of acid resistance in Escherichia coli.,BMC Syst Biol 11(1);1,28061857,PMC5217608
"Cotton NP, White SA, Peake SJ, McSweeney S, Jackson JB",2001,The crystal structure of an asymmetric complex of the two nucleotide binding components of proton-translocating transhydrogenase.,Structure 9(2);165-76,11250201,
"Fjellstrom O, Axelsson M, Bizouarn T, Hu X, Johansson C, Meuller J, Rydstrom J",1999,Mapping of residues in the NADP(H)-binding site of proton-translocating nicotinamide nucleotide transhydrogenase from Escherichia coli. A study of structure and function.,J Biol Chem 274(10);6350-9,10037725,
"Althage M, Bizouarn T, Kindlund B, Mullins J, Alander J, Rydstrom J",2004,Cross-linking of transmembrane helices in proton-translocating nicotinamide nucleotide transhydrogenase from Escherichia coli: implications for the structure and function of the membrane domain.,Biochim Biophys Acta 1659(1);73-82,15511529,
"Meuller J, Hu X, Bunthof C, Olausson T, Rydstrom J",1996,Identification of an aspartic acid residue in the beta subunit which is essential for catalysis and proton pumping by transhydrogenase from Escherichia coli.,Biochim Biophys Acta 1273(3);191-4,8616154,
"Diaz-Mejia JJ, Babu M, Emili A",2009,Computational and experimental approaches to chart the Escherichia coli cell-envelope-associated proteome and interactome.,FEMS Microbiol Rev 33(1);66-97,19054114,PMC2704936
"Glavas NA, Bragg PD",1995,The mechanism of hydride transfer between NADH and 3-acetylpyridine adenine dinucleotide by the pyridine nucleotide transhydrogenase of Escherichia coli.,Biochim Biophys Acta 1231(3);297-303,7578217,
"Pedersen A, Karlsson GB, Rydstrom J",2008,Proton-translocating transhydrogenase: an update of unsolved and controversial issues.,J Bioenerg Biomembr 40(5);463-73,18972197,
"Hu X, Zhang J, Fjellstrom O, Bizouarn T, Rydstrom J",1999,"Site-directed mutagenesis of charged and potentially proton-carrying residues in the beta subunit of the proton-translocating nicotinamide nucleotide transhydrogenase from Escherichia coli. Characterization of the beta H91, beta D392, and beta K424 mutants.",Biochemistry 38(5);1652-8,9931033,
"Hou C, Bragg PD",2001,Intersubunit crosslinking of the heterotetrameric proton-translocating pyridine nucleotide transhydrogenase of Escherichia coli defines intersubunit contacts between transmembrane helices of the beta subunits.,Biochem Biophys Res Commun 280(2);466-70,11162540,
"Kroner GM, Wolfe MB, Freddolino PL",2019,"Escherichia coli Lrp Regulates One-Third of the Genome via Direct, Cooperative, and Indirect Routes.",J Bacteriol 201(3),30420454,PMC6349092
"Gaudet P, Livstone MS, Lewis SE, Thomas PD",2011,Phylogenetic-based propagation of functional annotations within the Gene Ontology consortium.,Brief Bioinform 12(5);449-62,21873635,PMC3178059
"Meuller J, Zhang J, Hou C, Bragg PD, Rydstrom J",1997,Properties of a cysteine-free proton-pumping nicotinamide nucleotide transhydrogenase.,Biochem J 324 ( Pt 2);681-7,9182734,PMC1218482
"Clarke DM, Loo TW, Gillam S, Bragg PD",1986,Nucleotide sequence of the pntA and pntB genes encoding the pyridine nucleotide transhydrogenase of Escherichia coli.,Eur J Biochem 158(3);647-53,3525165,
"Zahl KJ, Rose C, Hanson RL",1978,Isolation and partial characterization of a mutant of Escherichia coli lacking pyridine nucleotide transhydrogenase.,Arch Biochem Biophys 190(2);598-602,363055,
"Ahmad S, Glavas NA, Bragg PD",1992,Subunit interactions involved in the assembly of pyridine nucleotide transhydrogenase in the membranes of Escherichia coli.,J Biol Chem 267(10);7007-12,1551908,
"Cox GB, Newton NA, Butlin JD, Gibson F",1971,The energy-linked transhydrogenase reaction in respiratory mutants of Escherichia coli K12.,Biochem J 125(2);489-93,4335691,PMC1178083
"GOA, MGI",2001,Gene Ontology annotation based on Enzyme Commission mapping.,Genomics 74;121-128,,
UniProt Consortium,2024,UniProt version 2024-02 released on 2024-03-26.,Database,,
BRENDA team,2014,,,,
"GO Central curators, GOA curators, Rhea curators",2020,Automatic Gene Ontology annotation based on Rhea mapping.,,,
"Gaudet P, Livstone M, Thomas P",2010,Annotation inferences using phylogenetic trees.,,19578431,PMC2699109
UniProt Consortium,2021,UniProt version 2021-03 released on 2021-06-16.,Database,,
UniProt-GOA,2012,"Gene Ontology annotation based on UniProtKB/Swiss-Prot Subcellular Location vocabulary mapping, accompanied by conservative changes to GO terms applied by UniProt.",,,
UniProt,2021,Electronic Gene Ontology annotations created by ARBA machine learning models.,,,
"GOA, DDB, FB, MGI, ZFIN",2001,Gene Ontology annotation through association of InterPro records with GO terms.,,,
